{
  "model_type": "linear_regression",
  "input_order": [
    "b1",
    "s1",
    "b2",
    "s2"
  ],
  "input_mean": [
    0.02211890215083414,
    0.0016140724605577287,
    0.08082532581675521,
    0.014470307485757963
  ],
  "input_std": [
    0.44666226216418514,
    0.08755409584928504,
    0.2558336452859374,
    0.08806609472564336
  ],
  "feature_order": [
    "1",
    "b1_z",
    "b2_z",
    "s1_z",
    "s2_z",
    "b1_z*s1_z",
    "b1_z*s2_z",
    "b2_z*s1_z",
    "b2_z*s2_z"
  ],
  "output_order": [
    "X",
    "Y",
    "ax",
    "ay"
  ],
  "W": [
    [
      -0.00022680075317044836,
      -0.06837145676062223,
      -0.0010500743371662075,
      -0.01720871493754017,
      -9.847302602138451e-05,
      0.0008174376611284478,
      -0.001974054427050922,
      -0.00404655008631993,
      -0.0024081457529335354
    ],
    [
      0.00028341530698252314,
      -0.00362051658666064,
      0.06842131472441257,
      -0.0005503087673873754,
      0.020119236356019046,
      0.003968770956845836,
      -0.003986147615109083,
      -0.0007923785669491649,
      -0.003959073244224173
    ],
    [
      0.003971588740083938,
      -0.011186162013708173,
      0.004923002288634556,
      0.10859694822331321,
      0.003512127235929563,
      0.001443978041239915,
      -0.023641450905397866,
      0.006009884151100615,
      0.009280079767668651
    ],
    [
      -0.002077792494447423,
      0.0061742214757377276,
      0.015927545296274166,
      -0.002263496292158663,
      -0.10506689126438078,
      -0.007565660559867437,
      0.004527454607124836,
      -0.009813706814575392,
      -0.0015382169559263123
    ]
  ],
  "units": {
    "X": "m",
    "Y": "m",
    "ax": "rad",
    "ay": "rad"
  },
  "dataset": {
    "grid_shape": [
      3,
      3
    ],
    "tilt_angles_deg": {
      "0": {
        "ax": 0.0,
        "ay": 0.0
      },
      "+ax": {
        "ax": 10.0,
        "ay": 0.0
      },
      "-ax": {
        "ax": -10.0,
        "ay": 0.0
      },
      "+ay": {
        "ax": 0.0,
        "ay": 10.0
      },
      "-ay": {
        "ax": 0.0,
        "ay": -10.0
      }
    },
    "total_samples": 25,
    "frames_per_pose_target": 300
  }
}